<Scene background=".9 .9 1.0 1.0">
  <Camera position="1 1 -3" direction="0 0 1" up="0 1 0" angle="20" resolutionX="400" resolutionY="400"/>

  <Lights>
    <Light position="0 4 -3" color="1 1 1 1"/>
    <Light position="3 2 1" color="1 1 1 1"/>
  </Lights>
  
  <Elements>
    <Plane point="3 0 0" normal="-1.2 0.2 0" color="0.75 0.2 0.2 1.0"/>
    <CirclePlane point="0 0 0" normal="0 1 0" color="0 0 0 1.0"/>
    <Sphere center="0.2 1.3 4" radius="1.1" color=".4 0.2 0.1 1.0"/>
    <Sphere center="1.8 1.8 1.8" radius=".5" color=".4 0.2 0.1 1.0"/>
    <Triangle point1="1.8 1.3 1.8" point2="1.4 0 1" point3="2.8 0 2.3" normal1="1.69 0.6 -1.82" normal2="1.69 0.6 -1.82" normal3="1.69 0.6 -1.82" color="0.2 0.8 0.2 1.0"/>
    <Triangle point1="1.8 1.3 1.8" point2="2.8 0 2.3" point3="1 0 3" normal1="0.91 1.6 2.34" normal2="0.91 1.6 2.34" normal3="0.91 1.6 2.34" color="0.2 0.8 0.2 1.0"/>
    <Triangle point1="1.8 1.3 1.8" point2="1 0 3" point3="1.4 0 1" normal1="-2.6 1.12 -0.52" normal2="-2.6 1.12 -0.52" normal3="-2.6 1.12 -0.52" color="0.2 0.8 0.2 1.0"/>
	<Quadric center=".5 .5 0" aReal=".1" aImg="0" bReal=".2" bImg="0" cReal="0.1" cImg="0" color="0 0.8 0.1 1.0"/>
	<Quadric center="-0.2 0.5 1.5" aReal=".25" aImg="0" bReal="0" bImg="0.5" cReal=".15" cImg="0" color="1 1 0 1.0"/>
  </Elements>
</Scene>