<Scene background="0.6 0.6 1.0 1.0" ambient="1.0 1.0 1.0 1.0">
  <Camera position="-9 2 -6" direction="9 -1.8 6" up="0 1 0" angle="30" resolutionX="400" resolutionY="400"/>
  
  <Lights>
    <Light position="-1 5 -1" color="1 1 1 1"/>
  </Lights>
  
  <Materials>
    <Red emission="0.0 0.0 0.0 1.0" ambient="0.06 0.0 0.0 1.0" diffuse="0.6 0.0 0.0 1.0" specular="1 0.7 0.7 1.0" shininess="10.0"/>
    <White emission="0.0 0.0 0.0 1.0" ambient="0.0 0.0 0.0 1.0" diffuse="1 1 1 1.0" specular="0. 0. 0. 1.0" shininess="1"/>
  </Materials>
  
  <Elements>
    <Plane point="0 0 10" normal="0 0 -1" reflectionPercentage="0.6">
      <Material ref="White"/>
    </Plane>
    <Plane point="10 0 0" normal="-1 0 0" reflectionPercentage="0.6">
      <Material ref="White"/>
    </Plane>
    <Plane point="0 0 -10" normal="0 0 1" reflectionPercentage="0.6">
      <Material ref="White"/>
    </Plane>
    <Plane point="-10 0 0" normal="1 0 0" reflectionPercentage="0.6">
      <Material ref="White"/>
    </Plane>
    <CirclePlane point="0 10 0" normal="0 -1 0" reflectionPercentage="0.0">
      <Material ref="Red"/>
    </CirclePlane>
    <CirclePlane point="0 -10 0" normal="0 1 0" reflectionPercentage="0.0">
      <Material ref="Red"/>
    </CirclePlane>
    <Sphere center="0 0 0" radius="1.9" reflectionPercentage=".6">
      <Material ref="Red"/>
    </Sphere>
  </Elements>
</Scene>