<Scene background="0.9 .9 .95 1.0" refractionIndex="1" ambient="0 0 0 1.0">
  <Camera position="1 1 -3" direction="0 0 1" up="0 1 0" angle="20" resolutionX="450" resolutionY="450"/>

  <Lights>
    <Light position="0 4 -3" color="1 1 1 1"/>
    <Light position="3 2 1" color="1 1 1 1"/>
  </Lights>
  
  <Materials>
    <Red emission="0.0 0.0 0.0 1.0" ambient="0.06 0.0 0.0 1.0" diffuse="0.6 0.0 0.0 1.0" specular="1 0.7 0.7 1.0" shininess="10.0"/>
    <Green emission="0.0 0.0 0.0 1.0" ambient=".4 0.6 0.2 1.0" diffuse=".4 .6 0.2 1.0" specular=".6 1 .5 1.0" shininess="20.0"/>
    <Blue emission="0.0 0.0 0.0 1.0" ambient="0 0 0.1 1.0" diffuse="0 0 1 1.0" specular="0 0 1 1.0" shininess="10.0"/>
  </Materials>
  
  <Elements>
    <Plane point="3 0 0" normal="-1.2 0.2 0" color="0.6 0.0 0.0 1.0">
      <Material ref="Red"/>
    </Plane>
    <CirclePlane point="0 0 0" normal="0 1 0" reflectionPercentage=".4" color="0.6 0.0 0.0 1.0">
      <Material ref="Red"/>
    </CirclePlane>
    <Sphere center="0.2 1.3 4" radius="1.1" reflectionPercentage="1.0" color="0.4 0.6 0.2 1.0">
      <Material ref="Green"/>
    </Sphere>
    <Sphere center="1.8 1.8 1.8" radius=".5" reflectionPercentage=".6" color="0.4 0.6 0.2 1.0">
      <Material ref="Green"/>
    </Sphere>
    <Triangle point1="1.8 1.3 1.8" point2="1.4 0 1" point3="2.8 0 2.3" normal1="1.69 0.6 -1.82" normal2="1.69 0.6 -1.82" normal3="1.69 0.6 -1.82" reflectionPercentage=".5" color="0 0 1 1">
      <Material ref="Blue"/>
    </Triangle>
    <Triangle point1="1.8 1.3 1.8" point2="2.8 0 2.3" point3="1 0 3" normal1="0.91 1.6 2.34" normal2="0.91 1.6 2.34" normal3="0.91 1.6 2.34" reflectionPercentage=".5" color="0 0 1 1">
      <Material ref="Blue"/>
    </Triangle>
    <Triangle point1="1.8 1.3 1.8" point2="1 0 3" point3="1.4 0 1" normal1="-2.6 1.12 -0.52" normal2="-2.6 1.12 -0.52" normal3="-2.6 1.12 -0.52" reflectionPercentage=".5" color="0 0 1 1">
      <Material ref="Blue"/>
    </Triangle>
  </Elements>
</Scene>